sample_id;speaker;duration;de_text_whisper;de_text_manual;ch_text_manual;ch_text_t5;did;ch_text_t5_manual
00899b41-6782-4073-9cb3-fb7f70b5f55f_1166;SPEAKER_06;2.43; Ja, wir sind schon am Suchen gekommen.;Mit dem Filzstift bist du ein Jumpsuit kaufen gegangen.;Mitem Filzstift bisch en Jumpsuit goh chaufe.;Ja, mir sind scho am suech cho.;Zürich;Mitem Filzstift isch du en Jumpsuit chaufe gange.
0b380929-b758-4d9f-a9ae-d1d7b0d3d944_1047;SPEAKER_03;7.106; Ich fand den Raum sehr gut. Die anderen Schauspieler sind ja Schauspielerinnen und Schauspieler. Und es sind zwei, die Pornodarsteller;Darum sehr gut gefunden und es sind einfach, also die anderen Schauspieler sind ja Schauspieler Schauspieler, und sind zwei Pornodarsteller.;Drum sehr guet gfunden und es sind eifach, aso die andere Schauspieler sind jo Schauspieler Schauspieler und sind zwei wo Pornodarsteller.;Ich han de Rum sehr guet gfunde. Di andere Schauspilerinne und Schauspiler. Und es sind zwei, d Pornodarsteller.;Zürich;Drum sehr guet gfunde und es sind eifach, also di andere Schauspiler sind ja Schauspiler Schauspiler, und sind zwei Pornodarsteller.
0e64d4b7-df45-4848-8a4c-460544f9aa3b_1120;SPEAKER_04;3.223; wirklich die Bereitschaft hat, da zu sein und das auszuhalten.;Wirklich so, äh, die Bereitschaft hat um, um da zu sein das Auszuhalten.;Würkich so, äh, d'Bereitschaft het zum zum do sii das ushalte.;würkli dSignalhaft het, do zsii und da uszhalte.;Ostschweiz;Wirklich so, äh, dSchinchaft het ume, um do zsii sUszhalte.
0e64d4b7-df45-4848-8a4c-460544f9aa3b_1141;SPEAKER_02;13.424; Ich sage, mein Vater war Lehrer, aber er starb früh. Dann muss man nicht reagieren. Also, ich habe dieses Thema ja... Wie soll ich sagen? Man muss nicht immer auf dieses Thema kumpeln und sagen,;Sag ich, mein Vater war Lehrer, aber er ist früh gestorben. Dann muss man nicht reagieren. Also wieso ich, ich habe das Thema ja… also wie soll ich sagen? Ähm man muss nicht immer auf das Thema springen und sagen…;Seg ich min Vater isch  Lehrer gsi, aber er isch früeh gstorbe. Dänn muess mer nöd reagiere. Aso wieso ich, ich han das Thema jo, aso wie sölli sege… Me muess nid immer uf das Thema gumpe und sege.;Ich säg, mein Vater isch Lehrer gsi aber er isch früe gstorbe.;Zürich;Säg ich meine Vater isch Lehrer gsi aber er isch früe gstorbe, also wie söll ich säge?
0e64d4b7-df45-4848-8a4c-460544f9aa3b_1240;SPEAKER_04;15; Psychologin hat, wenn man kein Geld hat für das oder keine Zeit, Podcasts liest, Bücher liest, weil es werden in deinem Umfeld immer wieder Leute krasse Emotionen erleben, Verluste und es ist gut, wenn du Tools hast, wenn du Werkzeuge hast, um mit dem umzugehen. Das ist wirklich so, ja,;Psychologin hat wenn man kein Geld hat für das, oder keine Zeit Podcasts zu hören, Bücher zu lesen, weil es werden in deinem Umfeld immer wieder Leute krasse Emotionen erleben, Verluste, und es ist gut wenn du Tools hast, wenn du Werkzeuge hast um damit umzugehen. Das ist wirklich, ja .;Psychologin het, wemmer kei Geld het für das oder kei Ziit Podcasts lost, Büecher list, will es werdet i dim umfeld immer wieder lüt krassi Emotione erlebe, Verlüst, und es isch guet wenn du Tools häsch, wenn du Werkzüg häsch zum mit dem umgoh, das isch würkich so, ja ;Psychologin het, wenn me kei Geld het für das oder kei Ziit, Podcasts liest, wenn du Tools hesch, wenn du Tools hesch, um mitem umzgoh.;Ostschweiz;Psychologin het wenn me kei Geld het für das, oder kei Ziit Podcasts zlose, wills werded i dem Umfeld immer wieder Lüüt krassi Emotione erlebe, und es isch guet wenn du Tools hesch um demit umzgoh.
161b1f0e-bb73-4b3c-ba8c-136d1909250c_1047;SPEAKER_04;2.279; nie gehört, dass irgendjemand Fotos machen würde.;nie gehört, dass jemand ein Foto machen möchte.;nie ghört, dass irgendöbber es Foto wöt mache.;nie ghört, dass irgend öpert Fotis mache wür.;Ostschweiz;nie ghört, dass öper es Foti mache möcht.
161b1f0e-bb73-4b3c-ba8c-136d1909250c_1053;SPEAKER_04;2.194; Yvonne, jetzt sind wir ja doch aber jetzt befreundet.;Yvonne, jetzt sind wir doch aber befreundet.;Yvonne, ezt sind mir doch ezt aber befründet.;dYvonne, jetzt simmer ja doch aber jetzt befründet.;Ostschweiz;dYvonne, jetzt simmer doch aber befründet.
161b1f0e-bb73-4b3c-ba8c-136d1909250c_1287;SPEAKER_01;2.615; Wirklich. Das ist mega langweilig.;Wirklich? Das ist mega langweilig.;Würkli? Das isch mega langwiilig.;Wirklich. Das isch mega langweilig.;Zürich;Wirklich? Das isch mega langweilig.
1fd41bb0-3f5d-4120-97f5-7e3ffc970a27_1153;SPEAKER_03;14.377; Inwiefern spürst du jetzt so klar, dass du keine willst, im Vergleich zu «Ich spüre halt nicht, dass ich will»? Weisst du, ist es einfach ein Mangel an «Ich will, Kind», der dann zu diesem Entschluss führt, oder ist es ganz klar «Das will ich alles nicht»?;"Infwiefern spürst du jetzt so klar, dass du klar keine möchtest? Im Vergleich zu ich spüre halt nicht, dass ich möchte. Weisst du, ist es einfach ein Mangel an ""ich möchte Kinder"", was dann zu diesem Entschluss führt oder ist es ganz klar das möchte ich alles nicht.  ";Inwiefern gspürsch du ezt so klar, dass du kei wetsch im Vergleich zu ich spür halt nöd das ich wet. Weisch isches eifach es en es en Mangel ich wet chind wo denn zu dem Entschluss führt oder isches ganz klar, das wet ich alles nöd;"Wiss du jetzt so klar, dass du kei willsch, im Verglich zu ""Ich will, Chind"", wo de zdäm Entschluss passiert, oder esches ganz klar ""Das willi alles nöd?""";Zürich;"Ifwiss du jetzt so klar, dass du klar kei wünsch es Mangel ah ""ich möcht Chind"", was dänn zu däm Entschluss macht oder isches ganz klar das möchti alles nöd?"
1fd41bb0-3f5d-4120-97f5-7e3ffc970a27_1198;SPEAKER_03;3.51; Ich weiss nicht, ob das den Alltag unterbricht, wenn das Kind…;Ich weiss nicht, ob das den Alltag so unterbricht, wenn das Kind…;Ich weiss nöd öb das eso de Alltag so unterbricht wenn das chind...;Ich weiss nöd, ob das de Alltag unterbricht wänn s Chind.;Zürich;Ich weiss nöd, ob das de Alltag so unterbricht wänn s Chind.
205843e8-f7cf-4561-b027-2fdcd0dc6c08_1219;SPEAKER_05;15; Als Partner kann man sich einfach Hilfe holen. Man kann darüber reden mit anderen Leuten, die etwas Ähnliches haben. Therapeutische Hilfe holen. Oder wenn man keine Kapazitäten hat, in eine Therapie zu gehen,;Als anderer Partner kann man sich einfach Hilfe holen, also man kann darüber reden mit anderen Leuten die etwas ähnliches haben, therapeutische Hilfe holen, oder wenn man keine Kapazitäten hat um in eine solche Therapie zu gehen…;Als andere Partner, chammer sich eifach Hilf hole, aso me cha ja wie so drüber rede mit andere lüüt wo öbbis ähnlichs händ, therapeutischi Hilf hole, oder wemmer kei Kapazitäte het zum i sone Therapie goh;Als Partner chame sich eifach Hilf hole. Me cha deüber rede mit andere Lüüt, wo öpis Ähnlichs hend, ine Therapie zgoh.;Ostschweiz;Als andere Partner chame sich eifach Hilf hole, also me cha über rede mit andere Lüüt wo öpis ähnlichs hend, oder wenn me kei Kapazitäte het um ine söttigi Therapie zgoh.
225dc80e-34df-45a8-be22-c02a03aa6247_1171;SPEAKER_01;12.015; Aber es ist nicht gescheitert. Nein, ich bin ja so hyper-emotional. Dann verplatzt es mich und dann bin ich aber wieder ruhig nach vier Sekunden. Aber ich habe dann schon wahrscheinlich ein bisschen umgewettert.;Aber es ist nicht gescheitert an der Wäsche. Nein, ich bin ja schon, ich bin ja so Hyperemotional, dann verplatzt es mich, dann bin ich aber auch wieder ruhig nach vier Sekunden. Aber kann dann schon wahrscheinlich herumgeflucht.;Es isch nöd gschiiteret ade Wösch. Nei, ich bin ja scho, ich bi jo so hyperemotional, den verplatzt mich und nachane bin ich au wieder ruhig nach vier Sekunde. Aber cha denn scho wahrschinli amigs chli umewätteret;Aber es isch nöd gseiteret. Denn verplatzts mich und dänn bini aber wider ruhig nach vier Sekunde. Aber ich han dänn scho wahrschindli chli umgwetteret.;Zürich;Aber es isch nöd gscheiteret ade Wäsche. Nei, ich bin jo so Hyperemotional, dänn verplatzts mich, dänn bini aber au wider ruhig nach vier Sekunde. Aber chan dänn scho wahrschindlech umgflucht.
23a434d9-a44b-4e53-b7dc-b81425745e43_1089;SPEAKER_01;6.835; Und dann ist quasi die Idee, wenn du als Burning Man gehst, dass du etwas wie einen Provider machst.;Dann ist quasi die Idee auch, dass du, wenn du an das Burning Man gehst, etwas providest;Dänn isch quasi d'Idee au, dass du, wenn du as Burning Man gohsch, öbbis tuesch wie provide.;Und denn isch quasi dIdee, wenn du als Burning Man gsch, dass du öpis wie en Provider machsch.;Ostschweiz;Denn isch quasi dIdee au, dass du, wenn du a sburning me gohsch, öpis bringsch.
24fb5e87-231a-48ad-a14c-9191adc82d37_1026;SPEAKER_04;15; Er ist ein bisschen loco und in Erdbeeren.;Er die Erfindung eines Superhelden, in seinem ersten Abendfüllenden Programm geht es eben genau um diese Reise vom Coming-Out zum Coming-of-Age von Plattenbau und Arbeiterklasse zu RTL2 und Britney Spears. Seine Comedy ist lustig, ein bisschen loco, und ;Er die Erfindung eines Superhelden, in seinem ersten Abendfüllenden Programm geht es eben genau um diese Reise vom Coming-Out zum Coming-of-Age von Plattenbau und Arbeiterklasse zu RTL2 und Britney Spears. Seine Comedy ist lustig, ein bisschen loco, und ;Er isch es bizli loco und i Erdbeeri.;Zürich;Er d Erfindig vomne Superhelde, i sim erste Abig vomne Superfille, gahts gnau um die Reis vom Come-Out zum chömed-of-Age vo Plattebou und d Britney Spears.
24fb5e87-231a-48ad-a14c-9191adc82d37_1291;SPEAKER_02;3.966; Komm, das nehmen wir. Punkt.;Komm, das nehmen wir! Punkt.;Chumm, das nememer. Punkt.;Chunn, das nämmer. Punkt.;Zürich;Chunn, das nämmer! Punkt.
2a1077ab-9c58-4f1c-b824-f4c72fe85f59_1073;SPEAKER_03;2.751; Man kann den wie so relaten zueinander.;Man kann dann wie zueinander relaten.;Me cha denn wie so relate zunenand.;Me cha de wie so repräsente zunenand.;Ostschweiz;Me cha denn wie zunenand repräsente.
2a1077ab-9c58-4f1c-b824-f4c72fe85f59_1083;SPEAKER_02;15; das Modell, das ich habe, ist richtig. Also dass man nicht davon ausgeht, dass der Mann mehr schafft. Dass das aussergewöhnlich ist, worüber ich mit vielen Männern gesprochen habe. Und es immer wieder so klar war, wenn man Kinder hat, dann könntest du ja vielleicht;Das Modell, bei welchem ich das Gefühl habe sei Richtig, also dass man per se nicht davon ausgeht, dass der Mann mehr arbeitet. Dass das Auserwöhnlich ist und ich mit vielen Männern darüber gesprochen habe. Und es immer wieder so klar war, zum Beispiel wenn man Kinder hätte dann könntest du ja vielleicht;Das Modell, wo ich s Gfühl han isch richtig, aso das mer wie nöd per se devo uusgaht dass de Maa meh schafft. Dass das uuserwöhnlich isch won ich mit villne Manne drüber gredt han. Unds immer wieder so chli klar gsi isch, ja aso zum biispil wemmer chind het, denn chöntisch du ja;S Modäll wo ich han, isch richtig, dass mer nöd devo usgaht han, dasses immer wider so klar gsi isch, wenn mer Chind hät, dänn chöngi jo villicht.;Zürich;S Modäll, bi wellem ich s Gfühl han, also dass mer per se nöd devo usgaht han, zum Bispil wenn mer Chind hätti dänn hätti jo villicht chöne.
2af91cde-6e15-4fe5-a014-6b827bbe366b_1183;SPEAKER_02;2.178; Was? Was?;Was? Was?;Was? Wa?;Was? Was?;Zürich;Was? Was?
2af91cde-6e15-4fe5-a014-6b827bbe366b_1196;SPEAKER_03;3.661; Gilder muss 15 Hochzeiten... Ah, ihr bekommt Geld für den Podcast.;Die Güre muss fünfzehn Hochzeiten. Ah ihr bekommt Geld für diesen Podcast?;Güle muess füfzeh Hochzite. Ah ihr bechömet Geld für de Podcast?;De Gilder muss füfzähnte ah, ihre chunnt Gäld für de Podcast.;Zürich;D Güre muss foife Hochzite. Ah ihre chunnt Gäld für de Podcast?
3447b641-f996-4b4b-a944-7d45a0a87454_1276;SPEAKER_02;15; und das Ministerium von Buenos Aires. Die zuständige Frau für das Theater, die geht auch komplett über. Wir hatten letzte Woche noch eine Sitzung mit den zwei Frauen, die es übersetzen und inszenieren. Dann habe ich gehört, wie die mein Stück ersetzen.;Das Theaterstuck übersetzt und das Ministerium von Buenos Aires, also die zuständige Frau für das Theater, sie fällt auch komplett hinüber. Wir haben letzte Woche eine Sitzung gehabt mit diesen zwei Frauen welche das übersetzen und inszenieren. Ähm und dann hab ich gehört wie die mein Stuck;S'Theaterstuck übersetzt und s'Ministerium vo Buenos Aires, aso die zuständigi Frau fürs Theater, die gheit au komplett übere. Mi händ letscht wuche no e sitzig gha mit dene zwei Fraue wos übersetzet und inszenieret. Und ähm denn han ich ghört wie die mis stuck;S Ministerium vo Buenos Aires hät di ganz Wuche no e Sitzig mit de zwei Fraue, wos übersetze und inszeniere, wie die mis Stuck ersetze.;Zürich;S Theaterstuck übersetzt und s Ministerium vo Buenos Aires, also di zueständigi Frau fürs Theater, si ghört au komplett über. Mir händ di gsi wie di mis Stuck.
3732f363-f801-4d8a-bbbd-0ef02f6b496b_1069;SPEAKER_04;2; oder wer auch immer, der so startet.;Mann ist, oder wer auch immer, der so starrt.;Ma isch, oder wer au immer, wo so starrt.;Oder wer au immer, wo so startet.;Zürich;De Mah isch, oder wer au immer, wo so starrt.
3732f363-f801-4d8a-bbbd-0ef02f6b496b_1167;SPEAKER_04;7.391; Das ist für mich gar kein Problem. Aber ich fand die Musik... Ich war wie beim Velofahren, jeder war auf seiner eigenen Stelle.;Ist mir ja, dass finde ich gar kein Problem. Aber ich fand die Musik, also ich fand es waren alle, es war ein bisschen wie beim Velo fahren, jeder war auf sich alleine gestellt.;Isch mir ja, das find gar keis Problem. Aber ich han d Musig, aso ich han gfunde es in all, es isch chli gsi wie bim Velofahre, jede isch uf sich alleige gstellt gsi.;Das isch für mich gar kein Problem. Aber ich han d Musig gfunde, ich bin wie bim Velofahre, jede isch uf sinere eigene Stell gsi.;Zürich;Isch mir ja, dass ich hani d Musig gfunde, also ich hans gsi, es isch es bizli wie bim Velo fahre, jede isch uf sich ellei gstellt gsi.
3732f363-f801-4d8a-bbbd-0ef02f6b496b_1235;SPEAKER_01;3.868; Auf beide Richtungen habe ich ein gutes Gefühl, wenn ich gehen oder kommen kann.;Auf beide Richtungen habe ich ein gutes Gefühl, wenn ich gehen oder kommenn kann;Uf beidi Richtige han ich es guets gfühl wenn ich cha goh cha oder cho;Uf beidi Richtige hani es guets Gfühl, wenn i goh oder cha cho.;Ostschweiz;Uf beidi Richtige hani es guets Gfühl, wenn i goh oder chömed.
384359e2-ace7-4a92-8c6d-ba07ccf41316_1003;SPEAKER_05;14.58; Wir haben hier ein kleines Champagner, das die, die uns hier kredenzt haben. Danke vielmals. Ein kleines Champagner Bru Rosé. Es hat ein Säule drauf. Danke vielmals für diese Sponsoring. Und jetzt wird, weisst du, was passieren? Ich werde wieder wahrscheinlich kanülen-dicht;Wir haben hier einen kleinen Champagner, welchen uns Yvonne kredenzt hat, danke viel mals. Ein kleiner Champgner Brut Rosé, es hat ein eine kleine Sonne darauf. Danke viel mals für das Sponsoring. Und jetzt weisst du was passieren wird? Ich werde wahrscheinlich wieder kanülen-dicht;Mir händ do en chline Champagner wo d'Yvonne üs da kredenzt het, danke villmal. En chliine Champagne Brut Rosé. Es het es sünneli druff, danke villmol für das Sponsoring. Und ezt wird weiss was passiere? Ich wird wieder wahrschinlich kanüle dicht;Mir hend do es chlises Champagner, wo üs do kredenzt hend.;Ostschweiz;Mir hend do en chline Champagner, welle üs Yvonne kredenzt het, es het e chlini Sunne druf fürs Sponsoring.
384359e2-ace7-4a92-8c6d-ba07ccf41316_1138;SPEAKER_05;3.731; im Kopf haben. Also sie machen nicht 21, 22, 23;Im Kopf haben. Also sie machen nicht einundzwanzig, zweiundzwanzig, dreiundzwanzig;Im chopf händ. Aso sie machet nöd einezwanzg, zweiezwanzg, drüezwanzg;Im Chopf hend nöd einezwanzg zweiedriisg.;Ostschweiz;Also sie mached nöd einundzwanzg, zweiezwanzg, drüenzwanzg.
468b568b-d936-4ad9-8b78-a499a20483f7_1097;SPEAKER_03;2.382; flöschen oder archivieren.;löschen oder archivieren;lösche oder archiviere;Flösched oder archiviere.;Zürich;lösched oder archiviere.
4ae4b8a5-718e-4fc1-a9ca-b7e16812353e_1053;SPEAKER_02;3.055; Und genau, auf jeden Fall bin ich gespannt,;Und genau. Auf alle Fälle bin ich gespannt, wie ;Und genau. Uf all Fäll bin ich gspannt wie;Und genau, uf jede Fall bini gspannt,;Zürich;Und gnau. Uf alli Fäll bini gspannt wie s Orginal.
4ae4b8a5-718e-4fc1-a9ca-b7e16812353e_1250;SPEAKER_03;12.2; Also ich bin mit euch befreundet, weil es sonst blöd wäre für den Podcast. Nein, ich habe ja wirklich euch ausgesucht.;Also ich bin mit euch befreundet, weil es sonst blöd wäre  für den Podcast. Nein, ich habe ja wirklich euch ;Also ich bin mit eu befründet will süscht blöd wär für de podcast. Nei ich han ja würki eu;Aso ich bin mit oi befründet, wills suscht blöd wär für de Podcast.;Zürich;Aso ich bin mit oi befründet, wills suscht blöd wär für de Podcast.
4ae4b8a5-718e-4fc1-a9ca-b7e16812353e_1256;SPEAKER_03;13.778; Genau. Nein, ich bin mit euch Beründerin. Mit dir, Maya, also ich glaube, angefangen, als wir uns kennengelernt haben, ist, dass wir uns gegenseitig unsere Texte abgefeiert haben. Ich kann irgendwie, wenn ich mal unsere;Nein ich bin mit euch befreundet. Ähm mit dir Maya, also ich glaube angefangen hat es mit uns, dass wir uns kennengelernt haben, dass wir uns gegenseitig unsere Text so abgefeiert haben.;Nei ich bin mit eu befründet. Ähm mit dir Maya, also ich glaube aagfange au das mir eus kenneglernt händ isch das mir eus gegesiitig eusi Text au so abgfiirt händ;Genau nöd, ich bin mit oi Beründerin. Mit dir, Maya, also ich glaub, ahgfange, wo mir ois gässe hät, isch, dass mir ois gägesitig gsi sind, wenn ich mal oisi Text abgfisted ha.;Zürich;Nei ich bin mit dr Maya befründet, also ich glaub ahgfange häts mit ois, dass mir ois gässe händ, dass mir ois gägesitig oisi Text so abgfired händ.
4ae4b8a5-718e-4fc1-a9ca-b7e16812353e_1277;SPEAKER_01;7.104; Dating-Spiel. Nach dem zweiten Drink kann man sagen, du, Pascal, was hast du als letztes gegoogelt? Zeig mal. Das ist sogar...;Dating-Spiele, wenn man so nach dem zweiten Drink sagen kann: Du, Pascal, was hast du als letztes gegoogelt? Zeig mal!;Dating-Spiili, wemmer so chli, wobii nochem zweite drink chammer säge: Du, Pascal, was häsch du als leschts googlet? Zeig mol!;Da zwoite Drink chame sege, du, Pascal, wa hesch du als letschts ggooglet? Zeig mol?;Ostschweiz;Dancing-Spiel, wenn me so noch em zweite Drink seged: Du, Pascal, wa hesch du als letschts ggooglet? Zeig mol!
4bf787e1-470e-412f-840b-732a42bfcd80_1139;SPEAKER_02;8.944; Wenn ich es schön will, wenn die Leute mein Leben feiern könnten und miteinander feiern, dass sie so eine fantastische Person kennenlernen.;So etwas, ûnd sonst möchte ich und fände es schon wenn die Leute feiern könnten. Also mein Leben feiern und miteinander feiern, dass sie eine solch fantastische Person gekannt haben.;So öbbis, und süsch wöt ich, fänd ichs schön wenn d'lüt chöntet fiire. Also mis lebe fiire und mitenand fiire, dass sie sone fantastischi Person kennt händ;Wenn i schön wött, wenn dLüt mis Lebe fiire chönd und mitenand fiire, dass sie so e fantastischi Person erfahre.;Ostschweiz;So öpis, üs möcht i und fänds scho wenn dLäbe fiired und mitenand fiire, dass sie e söttig fantastischi Person gkannt hend.
4f7e2fc3-5fa5-424d-a895-7e79b99ea01a_1072;SPEAKER_02;8.421; Dann ist die erste Halbwoche schon wieder da und den Rest der Woche weisst du, jetzt hast du ein bisschen Space für dich, du bist bei MeTime. Ja, aber nicht, ja, MeTime mit drei Kindern im Bett.;Dann hast du nacher die halbe Woche jemanden hier und den rest der Woche weisst du, OK, jetzt hast du etwas space für dich, etwas Me-Time. Ja aber Me-Time mit drei Kindern im Bett?;Dänn nochether hesch die halb wuche hesch öbber do, nocher der rest vode wuche weisch OK ezt häsch echli space für dich, echli me-time. Ja Me-time mit drü chind im Bett?;Denn isch di erscht Halbwuch scho wieder do und de Rest vo de Wuche weissch du, jetzt hesch du e biz Space für di, du bisch bi Metime. Ja, aber nöd, ja, Me Time mit drü Chind im Bett.;Ostschweiz;Denn hesch du nocher di halb Wuche öper do und de rest vo de Wuche weissch du, etz hesch du öpis Space für di, biz Me-time mit drü Chind im Bett?
51827bd7-e3cb-43cf-9e5e-71b237096160_1037;SPEAKER_04;2.581; auf dem Stuhl sitzen und blutet. Also ziehe nicht.;Oder weisst du nackt auf einen Stuhl sitzen. Also ziehe.;Oder weisch ufen Stuehl sitze füdliblutt. Also ziehene;Ufem Stuehl sitzed und blueted.;Zürich;Oder weisst du nackt ufen Stuehl sitze.
6c55c164-0c98-41ae-9b05-97fd25193c66_1091;SPEAKER_01;2.835; Und;Trödeln. Und;Trödle. Und;Und Und. Und.;Ostschweiz;Trödle. Und.
6dca84be-763c-4440-8772-c5dda2cdcefe_1246;SPEAKER_03;6.767; Ja, fragen, ob alles okay ist. Und zwar im Fall immer. Immer, ja. Gut, das war ein schneller. Das war ein schneller. Schön, finde ich sehr schön.;Ja, fragen ob alles ok ist. Und zwar immer, immer ja, Gut, das war schnell. Find ich sehr schön, ja;Ja, fröge ob alles ok isch. Und zwar im Fall immer, immer ja. Guet, dä ischen schnelle gsi, ischen schnelle gsi. Find ich sehr schön, ja.;Ja, fröge, ob alles guet isch. Und zwar im Fall immer. ja. Guet, das isch es schnäller gsi.;Zürich;Ja, fröge ob alles ok isch. Und zwar immer ja, Guet, das isch schnäll gsi.
6dca84be-763c-4440-8772-c5dda2cdcefe_1263;SPEAKER_01;10.902; Das ist ein bisschen anders. Da sind ja nur wir und dort sind andere. Aber worüber ich zu viel nachdenke, immer noch, ist über mein Äusseres. Also meinen Körper.;Das ist ein bisschen anderst, Da sind ja nur wir und dort sind andere. Aber über was ich zu viel nachdenke, immer noch, ist mein Äusseres. Also meinen Körper.;Das isch echli anderscht, will da sind ja nur mir und det sind anderi. Aber über was zvill nachdenke, immerno, isch mis üssere.  Also min Körper;Da isch es bizeli anders. Do sind ja nur mir und döt sind anderi. Aber worüber i zvill nochdenk, immer no, isch über mis Ãœsseres.;Ostschweiz;Das isch e biz anderst, Do sind ja nur me und döt sind anderi. Aber über was i zvill nochdenk, immer no, isch mis Üsseres.
6dca84be-763c-4440-8772-c5dda2cdcefe_1289;SPEAKER_03;15; Das war die neueste Folge «Ziva Dillering». In 14 Tagen gibt es eine neue Ausgabe von unserem Podcast. Man kann uns wie immer schreiben oder auf Insta kommentieren. Schreibt uns, was ihr selber findet zu den Situationen, die wir heute besprochen haben. Ihr könnt uns auch sehr;Das war die neuste Folge Zivadiliring, in Vierzehn Tagen gibt es eine neue Ausgabe von unserem Podcast. Man kann uns wie immer schreiben oder auf Insta kommentieren. Schreibt uns was ihr von den Situationen die wir besprochen haben haltet. Ihr könnt euch gerne ;Das isch die neusti Folg Zivadiliring gsi, i vierzäh täg gits e neui Uusgab vo eusem Podcast. Mä chan eus wie immer schriibe oder uf Insta kommentiere. Schriibet eus waser selber findet zu dene Situation wommer ezt hüt besproche hend. Ihr chend eu au sehr gern;Das isch di noi Usgab vo oisem Podcast. Mer chan ois wie immer schribe oder uf Insta chömed.;Zürich;Das isch di noi Usgab vo oisem Podcast gsi, i vierzäh Täg gits e noi Usgab vo oisem Podcast. Mer chan ois immer schribe oder uf Insta chömed.
6f279d78-f696-4c16-adde-2269238f456d_1174;SPEAKER_03;8.842; Es gab keinen Grund. Ich kaufte ein normales Ticket. Ich zeigte es mir und ein neues Zettel kam raus, in das ich in «Flüger» reingelaufen bin.;Es hat keinen Grund, ich habe einfach ein normales Ticket gekauft und hab danach mein Ticket gezeigt. Und dann ist ein neuer Zettel herausgekommen als in den Flieger hineinlief.;Es hät nöd en Grund geh, ich han eifach es normals Ticket kauft und nachane hani mis Ticket zeigt. Und den isch e neus Zetteli usecho won ich in Flüger inegloffe bin.;"Es hät kein Grund geh. Ich han es normals Ticket zeigt und es nois Zettel isch use cho, dass ich in ""Flüger"" ränned.";Zürich;Es hät kein Grund gha, ich han eifach es normals Ticket kauft und dänn isch en noie Zitel usecho wie in Flüger inegloffe.
77e3e731-85ab-400a-b10f-c3233a0d4b21_1023;SPEAKER_01;4.826; Oder was ist er? Weisst du, mit dem Rettchen wüsstest du, über was wir reden. Was ist er gestern gewesen? Was ist er heute?;Oder was ist er? Weisst du damit wir wissen über was wir reden. Was war er gester, was ist er heute?;Oder was ischer, weisch damitmer ächli wüsset über was dasmer redet was ischer gester gsi was ischer hüt?;Oder was ischer was gsi, mitem Rättli häsch du, über was mir reded?;Zürich;Oder was ischer mit däm wüsse über was mir reded. Was ischer hüt gsi?
77e3e731-85ab-400a-b10f-c3233a0d4b21_1063;SPEAKER_04;5.687; Sie kennt schon mal deinen Namen, fast. Er ist Content Creator, er ist berühmt im Internet und er ist super.;Sie kennt ihn schon mal deinen Namen, fast. Er ist Content-Creator, er ist berühmt im Internet und er ist ;Sie kennt scho mal din Name, fast. Er isch Content-Creator, er isch berüehmt im Internet und er isch;Si kännt scho mal din Name, fast. Er isch Content Creator, er isch berüehmt im Internet und er isch super.;Zürich;Si kännt ihn scho mal din Name, fast. Er isch Content-Creator, er isch berüehmt im Internet und er isch.
77e3e731-85ab-400a-b10f-c3233a0d4b21_1195;SPEAKER_02;14.681; Wegen diesem Dilemma? Wie hast du dich arrangiert? Ja, ich habe auch andere Freundinnen. Ich habe auch einen Freundeskreis, wo alle kinderlos und Single sind und sad. Single and sad. Nein, überhaupt nicht. Es muss wirklich sein.; Wegen diesem Dilemma? Wie hast du dich arrangiert? Ja, ich habe auch andere Freundinnen. Ich habe auch einen Freundeskreis, wo alle kinderlos und Single sind und sad. Single and sad. Nein, überhaupt nicht. Es muss wirklich.;Wäg dem Dilemma. Wie häsch du dich arrangiert? Ja, ich han au anderi Fründinne. Ich han halt au en Fründeschreis wo alli Chinderlos und Single sind und sad. Single und sad. Nei, überhaupt nöd. Es muess;Weg dem Dilemma? Wie hesch du di arrangiert? Jo, i ha au anderi Fründekreis, wo alli kinderlos und Single sind und sad.;Ostschweiz;Weg dem Dilemma? Wie hesch du di arrangiert? Jo, i ha au anderi Fründekreis, wo alli kinderlos und Single sind und sad.
77e3e731-85ab-400a-b10f-c3233a0d4b21_1238;SPEAKER_01;3.881; Nein, nein. Kennt ihr Donna Summer? Sagt euch das etwas?;Nein, nein. Kennt ihr Donna Sommer? Sagt euch das etwas? Habt ihr;Nein, nein. Kennet ihr Donna Sommer? Seit eu das öbbis? Händ ihr;Nei, nöd. Kennt ihre d Donna Summer? Sagt ois das öpis?;Zürich;Nei, nei. Kennt ihre d Donna Sommer? Sägt ois das öpis?
79a3b2fb-a204-4af2-bf7a-fe1146be95f8_1004;SPEAKER_01;4.911; Ich meine, was der Onur alles sagt. Nur weil wir zusammen wohnen, ist jetzt nicht der Informationsfluss.;Ich meine, was der Onur alles sagt. Nur weil wir zusammen wohnen, ist jetzt nicht der Informationsfluss.;Ich meine, was dä Onur alles seit. Nur will mir zemme wohnet isch ezt do nöd de Informationsfluss.;I mein, wa de Onur alles seit. Nur will me zemme wohned isch jetzt nöd de Informationsfluss.;Ostschweiz;I mein, wa de Onur alles seit. Nur will me zemme wohned isch jetzt nöd de Informationsfluss.
79a3b2fb-a204-4af2-bf7a-fe1146be95f8_1069;SPEAKER_06;10.563; Geil, komm, ist gut. Das liebe ich an der Gülschau. Wenn man sie fragt, ob sie Sex hatte, ändert sie es immer und sagt Geschlechtsverkehr. Hast du ein Problem mit dem Ausdruck Sex? Nein, wirklich nicht. Nein, also ich habe...;Ist gut. Das liebe ich an der Gülscha. Wenn man sie fragt, ob sie Sex hatte, ändert sie es immer und sagt Geschlechtsverkehr. Hast du ein Problem mit dem Ausdruck Sex? Nein, wirklich nicht. Nein, also ich habe...;Isch guet. Das lieb ich a de Gülscha. Wenn mer sie fragt, hesch due Sex gha, tuet sies immer ändere und seit Geschlechtsverkehr. Hesch du es Problem mitem Uusdruck Sex? Nei, würklich nöd. Nei, ich han aso ich.;I han guet, dass mer si gfrögt hät, änderet si immer und seit Gschlächtsverchehr.;Zürich;Isch guet, dass mer si gfrögt hät, änderet si immer und seit Gschlächtsvercher.
79a3b2fb-a204-4af2-bf7a-fe1146be95f8_1110;SPEAKER_01;7.222; Wie lange braucht es, wenn man drei Monate datet? Nein, das macht mich wirklich wütend. Ich werde ganz rot.;Drei Tage gebraucht.  Wie lange braucht es, wenn man drei Monate datet? Nein, das macht mich wirklich wütend. Ich werde ganz rot.;Drü Täg brucht. Wie lang bruuchter denn wemmer ezt drü Mönet dated? Nei würkich. Macht mich im Fall würkich wüetig. Gsehsch ich wird ganz rot. Ja, ja.;Wie lang bruchts, wenn me drü Mönet tägt? Nei, das macht mi würkli wüestend.;Ostschweiz;Drei Täg bruched, wie lang bruchts, wenn me drü Mönet tägsch ned? Nei, das macht mi würkli hässig.
80927d16-7d54-478f-bab1-a37817f9cf8a_1029;SPEAKER_03;6.396; Zum Beispiel, er trägt eine Moncler-Jacke.;Zum Beispiel, er trägt eine Moncler-Jacke.;Zum Biispil, er treit ä Moncler-Jacke.;Zum Biispill, er treit e Moncler-Jacke.;Ostschweiz;Zum Biispill, er treit e Moncler-Jacke.
80927d16-7d54-478f-bab1-a37817f9cf8a_1051;SPEAKER_01;7.729; Bin ich auch raus. Aber wenn du auf den Typ stehst, hast du das Bedürfnis, dich bei ihm zu melden. Wenn du dich nicht meldest, dann stehst du einfach nicht auf den Typ.;Bin ich auch raus. Aber Gülscha wenn du doch auf den Typ stehst, hast du doch das Bedürfnis, dich bei ihm zu melden. Wenn du dich nicht meldest, dann stehst du einfach nicht auf den Typ.;Bin ich au raus. Aber Gülscha wenn du doch uf de Typ stosch, hesch du doch s'Bedürfnis dich bi ihm z'melde. Wenn du dich nöd meldisch, denn stosch eifach nöd uf de Typ.;Aber wenn du uf de Typ stohsch, häsch du s Bedürfnis, dich bi ihm zmälde, wänn du dich nöd mäldesch du eifach nöd uf de Typ.;Zürich;Aber de Gülsch wenn du doch uf de Typ stohsch, häsch du doch s Bedürfnis, dich bi ihm zmälde, dänn machts eifach nöd uf de Typ.
80927d16-7d54-478f-bab1-a37817f9cf8a_1091;SPEAKER_01;15; Red Flag. Ich finde es auch sehr unsig. Aber ich kann es sagen, von zehn Dates ist das bei acht Dates der Fall, dass das Gegenüber so viel gesprochen hat. Ich glaube aber...;Das ist eine Red Flag von meiner Seite. Ich finde es auch nicht sexy. Aber ich kann glaube ich sagen, von zehn Dates ist das bei acht Dates der Fall, dass das Gegenüber so viel gesprochen hat. Ich glaube aber…;Das isch e Red Flag vo minnere siite. Ich finds im Fall au sehr unsexy. Aber ich cha glaubs im Fall säge vo 10 dates isch das bi acht dates im Fall de Fall, dass s'Gegenüber so vill gschwätzt het. Ich glaub aber...;Red Flag. Ich findes au sehr unsig, aber ich chans säge, wo bi acht Date vode Fall, dass s Gägenüber so vill gseit hät.;Zürich;Das isch e Red Flag vo minere Site. Ich findes au nöd sexy, vo zäh Dates isch das bi acht Dates vode Fall, dass s Gägenüber so vill gseit hät.
80927d16-7d54-478f-bab1-a37817f9cf8a_1162;SPEAKER_05;5.737; Und dann wirst du total aggressiv und meine Freundinnen daten finden dich viel zu streng, weil ich wirklich einfach immer mal wieder davonlaufe.;Und dann wirst du total aggressiv und meine Freundinnen dort finden ich bin viel zu streng, weil ich wirklich einfach immer mal wieder davonlaufe.;Und dänn wirsch total aggressiv und mini Fründinne dete findet ich bin vill z'streng, will ich eifach immer wieder mal devo lauf.;Und dänn wirsch du total aggressiv und mini Fründedate finded dich vill zstäng, will ich würkli immer mal wider devolaufe.;Zürich;Und dänn wirsch total aggressiv und mini Fründe det finded ich bin vill zstäng, will ich würkli immer mal wider devolaufe.
8177fc7c-db01-446a-be73-d59f5128b011_1009;SPEAKER_05;2.869; Aber der Akt von einfach hineinlaufen ohne...;Aber der Akt von einfach hineinzureichen ohne...;Aber de Akt vo eifach inelange ohni…;Aber de Akt vo eifach inelaufe ohni.;Ostschweiz;Aber de Akt vo eifach inez riche ohni.
855bb090-5fdf-4a69-9baf-b24ea29abb72_1062;SPEAKER_02;6.818; Ich bin jetzt Gynäkologin und Proktologin und Urologin, weil ich jeden Tag ein Foto gemacht habe, um zu schauen, wie es abgeht.;Ich bin jetzt Gynäkologin und Proktologin und Urologin, weil ich jeden Tag ein Foto gemacht habe, um zu schauen, wie es hier abgeht.;Ich bin ezt Gynäkologin und Proktologin und Urologin, will ich jede Tag es Foti gmacht han, zum luege was da, wies da abgoht.;I bi jetzt Gynäkologin und Proktologin, will i jede Tag es Foti gmacht han, um zluege, wies abgoht.;Ostschweiz;I bi jetzt Gynäkologin und Proktologin, will i jede Tag es Foti gmacht han, um zluege, wies do abgoht.
855bb090-5fdf-4a69-9baf-b24ea29abb72_1064;SPEAKER_02;15; Ja, und ich mache aber immer so... Hey, schau, das ist ja auch schwierig. Du schaust ja recht häufig Fotos an, dann schaut jemand die über die Schulter. Das heisst, ich habe all diese Fotos präpariert. Immer wenn ich ein Foto gemacht habe, habe ich es entweder sofort wieder gelöscht oder, damit ich so...; Ja, und ich mache aber immer sobald... Hey, schau, das ist ja auch schwierig. Du schaust ja recht häufig Fotos an, dann schaut jemand die über die Schulter. Das heisst, ich habe all diese Fotos präpariert. Immer wenn ich ein Foto gemacht habe, habe ich es entweder sofort wieder gelöscht oder, damit ich so...;Jo, und ich mach aber immer sobald… Hey, lueg, das isch ja schwierig. Du tuesch ja recht hüüfig Fotene aaluege, und nocher luegt dir öbber über d'Schultere. Das heisst ich han all die Fotene, han ich präpariert, immer wenn ich es Foti gmacht han, han ichs entweder sofort wieder glöscht. Oder, demit ich...  ;Ja, und i mach aber immer so... Hie, i ha jo au schwierigi Fotis aagluegt, denn hani entweder sofort wieder glöscht oder, damit i so...;Ostschweiz;Ja, und i mach aber immer so bald, denn lueg i es Foti aa, denn luegt i entweder sofort wieder glöscht oder, damit i so...
85ae7eee-47fe-43af-9f53-fd43e4fbf1a1_1110;SPEAKER_04;4.658; Und wie ist es bei euch eigentlich mit Kompliment, Anni? Könnt ihr...;Und wie ist es bei euch eigentlich mit Kompliment annehmen? Könnt ihr...;Und wie isches bi eu eigentlich mit Kompliment aaneh? Chönd ihr…;Und wie ischs bi eu eigentlich mit Kompliment, Anni? Könnt ihre?;Ostschweiz;Und wie ischs bi eu eigentlich mit Kompliment aaneh?
8c9f0236-74ee-4c21-b96a-8b35ea8e7015_1012;SPEAKER_03;2.109; Was machst du?;Das ist ja wirklich. Was machst du?;Das isch ja würklich. Was machsch du?;Was machsch du?;Zürich;Das isch ja würkli. Was machsch du?
8c9f0236-74ee-4c21-b96a-8b35ea8e7015_1087;SPEAKER_03;6.885; Das Buch, wenn ich sage, ist komplett ausverkauft. Es ist mega krass. Es ist wirklich richtig, richtig cool.;Die Buchvernissage ist komplett ausverkauft. Es ist mega krass. Es ist wirklich richtig, richtig cool.;D'Buechvernissage isch komplett uusverkauft. Es isch mega krass. Es isch würklich richtig, richtig cool.;S Buech, wenn ich säge, isch würkli richtig, richtigcool.;Zürich;D Buechvernissag isch komplett uschauft. Es isch würkli richtig, richtig warm.
971e154b-d24f-4b61-99a3-053238b79436_1134;SPEAKER_04;15; Wir haben ja das Thema. Wir reden heute über unser Erlebnis und Erinnerungen im Zusammenhang mit dem Eurovision Song Contest. Und wir suchen einen kleinen Blick in die Zukunft zu wagen. Wir reden ganz allgemein über Musik, mit was und mit wem sind wir gross geworden, wer sind unsere Idole in der Kindheit gewesen und vorwiegend.;Gut, wir haben ja das Thema. Wir reden heute über unser Erlebnis und Erinnerungen im Zusammenhang mit dem Eurovision Song Contest. Und wir versuchen einen kleinen Blick in die Zukunft zu wagen. Wir reden ganz allgemein über Musik, mit was und mit wem sind wir gross geworden, wer sind unsere Idole in der Kindheit gewesen und...;Guet, aso mir händ ja es Thema. Mir redet hüt über eusi Erlebnis und Errinerige im zemmehang mitem Eurovision Song Contest und versuechet eigentlich en chliine Blick i d'Zuekunft z'wage. Und mir redet ganz allgemein über Musik, mit was und mit wem sind mir gross worde, wer sind eusi Idol ide chindheit gsi. Und...;Mir reded hüt über oisem Erlebnis und em remix sind mir gross gsi, wer sind oisi Idole ide Chindheit gsi und vorwiegend.;Zürich;Guet, mir händ ja s Thema, mit was und mit wäm sind mir gross gsi, wer sind oisi Idole ide Chindheit gsi und öpe.
9bef2beb-fa83-40e3-bce2-af81b5517469_1124;SPEAKER_03;3.831; du es ihr überall hinzufügen und dem Musiker tut man es entweder in den;Tust es ihr überall hinzufügen und dem Musiker tut man es entweder in den;Tuesch es ihre überall ane tue und de Musiker tuet mers entweder i dem;Dus ihre überall züefüeged und em Musiger tut mer entweder i däne.;Zürich;Tuscheds ihre überall usezfüege und em Musig tuet mer entweder i däne.
9bef2beb-fa83-40e3-bce2-af81b5517469_1271;SPEAKER_01;6.395; Das kommt mir nie in den Sinn. Ich kenne fast gar nicht das, weil es mir so schlecht ist vor Flugzeugen in meinem Bauch.;"Dann kommt mir nie in den Sinn. Dann denke ich so: ""Aber nein"". Ich kann dann fast gar nicht Essen, weil es mir so schlecht ist vor Flugzeug in meinem Bauch.";"Denn chunts mer nie in Sinn. Denn denk ich so: ""Ah nei, aber ich"". Ich cha denn fast gar nöd esse wills mer so schlecht isch vor Flugzeug in meinem Bauch.";Da chunnt mir nie in Sinn. I kenne fascht gar nöd das, wills mir so schlecht isch vor Flugzüg i mim Buch.;Ostschweiz;"Denn chunnt mir nie in Sinn. Denn denk i so: ""Aber nie"" chan denn so schlecht isch vor Flugzüg in mim Buch."
a4857661-0960-48b0-8028-9ce2dc820427_1071;SPEAKER_03;6.699; Ich bin in New York, ich kann jetzt nicht einfach... Dann habe ich beim Broadway... Das Problem war jedes Mal, wenn ich an jemandem lachen wollte, habe ich einen Husten anfallen.;Ich bin in New York, ich kann jetzt nicht einfach... Dann habe ich beim Broadway... Das Problem war jedes Mal, wenn jemand etwas… Also wenn ich lachen wollte, habe ich einen Hustanfall.;Ich bin ezt in New York und ich chan ezt nöd eifach… Denn han i bim Broadway… S'Problem isch gsi jedes mal wenn öbber öbbis… Also wo ich han wölle lache, han ich en Huestaafall.;Ich bin in New York, ich chan jetzt nöd eifach... s Problem wänn ich ah öper lache han, hani en Huste gheie.;Zürich;Ich bin in New York, ich chan jetzt nöd eifach... s Problem isch jedes Mal gsi, wenn öper hätt wele lache, hani en Hustanfall.
a4857661-0960-48b0-8028-9ce2dc820427_1107;SPEAKER_01;15; Gut, Maja, was ist dein Way to go? Hey, ich wäre jetzt da im Vorgang mal schnell zum Flight Attendant und frage, ob es sonst noch irgendwo einen Platz hat. Vielleicht ist euch ja auch Konfrontation, so per se. Wenn es nicht muss sein. Aber ich wäre jetzt mal selber schauen, hat es irgendwo;Gut, Maja, was ist dein Way to go? Hey, ich wäre jetzt da im Fall mal schnell zum Flight Attendant und frage, ob es sonst noch irgendwo einen Platz hat. Weil ich scheuche ja auch Konfrontation, so per se. Wenn es nicht muss sein. Aber ich wäre jetzt mal selber schauen, hat es irgendwo;Guet, Maya, was isch din Way to go? Hey, ich wär ezt da im Fall glab mal zum schnell Flight attendant goh fröge, obs sust no irgendwo en Platz het. Will ich schüche ja au Konfrontation, so per se. Wenns nöd mues sii. Aber ich wär ezt mal selber goh luege hets irgendwo;Guet, was isch das jetzt da im Vorgang mal schnäll zum Flug Attendant und frög, ob es susch no irgendwo en Platz hät, häts jetzt nöd gseh?;Zürich;Guet, Maja, was isch jetzt da im Fall mal schnäll zum Flug Attendant und frög, ob es susch no irgendwo en Platz hät, häts jetzt nöd gseh?
a587d5fa-6d1e-4970-b4e5-ae85e7833cf9_1081;SPEAKER_04;5.941; Ja, aber was machst du jetzt dagegen? Was ist jetzt deine Konsequenz für das nächste Mal?;Ja, aber wie, was machst du jetzt dagegen? Was ist jetzt deine Konsequenz für das nächste Mal?;Jo aber wie, was machsch jetzt dägege. Also weisch was isch ezt dini Konsequenz fürs nächste Mal?;Ja, aber wa machsch du jetzt degege? Wa isch jetzt dini Konsequenz für snögschti Mol?;Ostschweiz;Jo, aber wie, wa machsch du jetzt degega? Wa isch jetzt dini Konsequenz für snögscht mol?
a587d5fa-6d1e-4970-b4e5-ae85e7833cf9_1137;SPEAKER_03;3.747; Der Druck und die Grösse der Geschichte. Und dann merkt man, dass das schon alle mal gab.;Der Druck und die Grösse der Geschichte. Und dann merkt man, dass das schon alle mal gehabt...;Dä Druck und d'Grössi vo de Gschicht. Und denn merkt mer, dass das alli scho mal gha…;De Druck und d Grössi vode Gschicht. Und dänn gmerkt mer, dass das scho alli mal geh hät.;Zürich;De Druck und d Grössi vode Gschicht. Und dänn gmerkt mer, dass das scho alli mal gha hät.
a658392e-c288-418f-8ce0-3d4cd8227411_1088;SPEAKER_03;2.518; Sie hat immer wieder gesagt, hör auf, das verletzt mich.;Sie hat immer wieder gesagt, hey hör auf, das verletzt mich.;Sie hät immer wieder gseit, hey hör uf, das verletzt mich.;Si hät immer wider gseit, hät ufghöre, das hät mich verletzt.;Zürich;Si hät immer wider gseit, hät ufghöre, das händ mich verletzt.
a658392e-c288-418f-8ce0-3d4cd8227411_1140;SPEAKER_03;13.643; Ich kann mich aber erinnern, wir hatten einmal die Würffrage, über was denkst du zu viel nach? Und dann hast du gesagt, ja, über meinen Körper und wie, dass du dir zu viel überlegst, wie ich aussehe, was könnte man ändern. Ja.;Who cares. Ich kann mich aber erinnern, wir hatten einmal die Würffrage, über was denkst du zu viel nach? Und dann hast du gesagt, ja, über meinen Körper und wie, dass du dir zu viel überlegst, wie ich aussehe, was könnte man ändern. Ja.;Who cares. Ich mag mich aber errinnere mir hend eimal isch d'Würffrag gsi, über was denksch du zvill nach? Und denn häsch du gseit, ja, über min Körper und wie dass du zvill überleisch wie gsehder uus, was chentmer ändere. Ja.;Ich chan mich aber erinnere, mir händ eifach d Würffrage gseit, wie dänn häsch du zvill überlegge, wie ich usseh, was chönnt mer ändere.;Zürich;Wis chan mich aber erinnere, mir händ eifach d Würffrage, über was dänksch du zvill überlegge, wie ich usseh, was chönnt mer ändere.
b059ce51-714e-4879-9c84-fbac780e835a_1051;SPEAKER_04;2; niemandem etwas weg. Also ich finde aber auch,;Niemend etwas weg. Also ich finde aber auch…;Niemmert öbbis weg. Also ich find aber au…;niemertem öpis weg. Also i find aber au,;Ostschweiz;Niemend öpis weg. Also i find aber au.
b059ce51-714e-4879-9c84-fbac780e835a_1142;SPEAKER_04;4.421; Nein, sicher nicht. Sicher auch nicht der Vater der;Nein,  sicher nicht. Sicher auch nich der Vater der…;Nei, sicher nöd. Sicher au nöd de Vater vode…;Nei, sicher nöd. Sicher au nöd de Vater vo de gsi.;Ostschweiz;Nei, sicher nöd. Sicher au nich de Vater vo de...
b059ce51-714e-4879-9c84-fbac780e835a_1202;SPEAKER_03;2.244; Null Problem bei Kini bei minus 34 Grad.;Null Problem Bikini bei mins 34 Grad.;Null Problem Bikini bi minus 34 Grad.;Null Problem bi Kini bi minus vieredrisg Grad.;Zürich;Null Problem Bikini bi mins vieredrisg Grad.
b073e82c-ae02-4a2a-a1b4-f5384b8eb9a7_1021;SPEAKER_04;6.227; Vielleicht gibt es auch noch eine Afterparty, da haben wir noch keine News. Da haben wir noch keine News, aber wir müssen uns auch nicht wirklich darum kümmern.;Vielleicht gibt es auch noch eine Afterparty, haben wir da bereits News? Da haben wir noch keine News oder? Da haben wir noch keine News, aber wir haben uns auch nicht wirklich darum gekümmert.;Villicht gits au no en Afterparty. Hemmer det scho News? Det hemmer no kei News gell? Det hemmer no kei News, aber mir händ eus au nöd würklich drum kümmeret.;Villicht gits au no e News, da hämmer nonig News, aber mir münd ois au nöd würkli drum mache.;Zürich;Villicht gits au no e Afterparty, hämmer da scho News oder? Det hämmer no kei News, aber mir händ ois au nöd würkli drum kümmeret.
b073e82c-ae02-4a2a-a1b4-f5384b8eb9a7_1095;SPEAKER_02;9.923; «Can you help me with my luggage?» Und dann habe ich gesagt, «Ja, klar, natürlich.» Dann habe ich ihm einfach mein Gepäck gegeben und gesagt, «Bring es bitte zu diesem und diesem Camp.» Das kann man dort.;«Can you help me with my luggage?» Und dann hat er gesagt, «Ja, klar, natürlich.» Dann habe ich ihm einfach mein Gepäck gegeben und gesagt, «Bring es bitte zu diesem und diesem Camp.» Das kann man dort.;«Can you help me with my luggage?» Und nocher er so «Ja, klar, natürlich.» Noher hani ihm eifach mis Gepäck geh und gseit «Brings bitte zu dem und dem Camp». Das chammer det!;"""Cenn hani gseit, ""Ja, klar, natürlich."" Denn hani ihm eifach mis Gpäck geh und gseit, ""Brings bitte zu dem und dem Camp."" Das chame döt.";Ostschweiz;"""Cenn hani gseit, ""Ja, klar, natürlich."" Denn hani ihm eifach mis Gpäck geh und gseit, ""Brings bitte zu dem und dem Camp."" Das chame döt."
b073e82c-ae02-4a2a-a1b4-f5384b8eb9a7_1191;SPEAKER_02;15; Alle die Toy Toys, wo es z.B. mega krass viel Schlamm vorne dran gab, wo du fast im Schlamm vertrunken bist, die wenigsten Leute sind auf diese Toy Toys. Ich bin da immer durchgeschwommen und dann bin ich auf die Toy Toy. Oder die, die die Türen komplett kaputt sind und nur noch so dran gelähmt sind.;Alle die ToiToi's, wo es z.B. mega krass viel Schlamm vorne dran gab, wo du fast im Schlamm vertrunken bist, die wenigsten Leute sind auf diese ToiToi's. Ich bin da immer durchgeschwommen und dann bin ich auf das ToiToi. Oder die, die die Türen komplett kaputt sind und nur noch so angelehnt sind.;Alli die ToiToi's wos zum Biispill mega krass vill Schlamm vorne dra gha het, wod fast vertrunke bisch im Schlamm. Die wenigste Lüüt sind uf die ToiToi's. Ich bi det immer duregschwumme nud denn bini ufs ToiToi. Oder die wo d'Türe komplett kaputt sind und nur no so draglähnt sind. ;Alli dToy Toy, wos z.B. mega krass viel Schlamm vorne gäh het, wo du fast im Schlamm vorunke bisch und nur no so drann glähmt sind.;Ostschweiz;Alli dToiToi's, wos z.B. mega krass viel Schlamm vorne gäh isch, wo du fast im Schlamm vorunke bisch und nur no so aglehnt sind.
b073e82c-ae02-4a2a-a1b4-f5384b8eb9a7_1199;SPEAKER_02;14.101; sehr streng gewesen. Als ich dort ankam, musste ich sieben Stunden warten, bis ich ein Ticket für einen Bus kaufen konnte. Sieben Stunden. Dabei hatte ich irgendwie...;Das war streng. Als ich dort ankam, musste ich sieben Stunden warten, bis ich ein Ticket für einen Bus kaufen konnte. Sieben Stunden. Dabei hatte ich irgendwie...;Da isch streng gsi. Denn bin ich det aacho und denn han ich siebe Stunde lang möse warte bis ich han chöne es Ticket chaufe für en Bus use. Siebe Stund. Debi han ich gha irgendwie...;Sehr streng gsi woni döt ane cho bin, hani sibe Stunde müesse warte, bis i es Ticket für e Bus chöne kaufe.;Ostschweiz;Da isch streng gsi woni döt ane cho, bis i sibe Stunde möse warte, bis i es Ticket für e Bus chöne kaufe.
b223395a-222f-4b01-86ff-a9831a6e9753_1022;SPEAKER_03;13.257; Ich erinnere mich, ich fand es krass, sie haben immer die Namen aufgeschrieben, die weitergekommen sind. Es ist ein 4- oder 3-tägiges Assessment. Am Anfang waren wir eine Gruppe von 100, dann 50 und dann 20.;Und ich mag mich erinneren, ich fand es krass, sie haben immer die Namen aufgeschrieben, die weitergekommen sind. Es ist ein 4-tägiges Assessment oder 3-tägiges Assessment. Am Anfang waren wir eine Gruppe von irgendwie 100, dann 50 und dann 20 und du hast…;Und ich mag mich erinnere, ich ha das mega krass gfunde. Sie händ immer die Näme ufgschribe wo wiitercho sind. Und es isch es 4-tägigs Assessment oder 3-tägigs Assessment gsi. Am Anfang sind mer e Gruppe vo irgendwie 100 gsi, und denn 50, und denn 20 und du hesch immer wie so...;Ich erinnere mich, ich hans krass gfunde, dänn füfzg und dänn zwänzg.;Zürich;Und ich han mich erinnere gsi, ich hans krass gfunde, dänn füfzg und dänn zwänzg und du häsch.
b223395a-222f-4b01-86ff-a9831a6e9753_1024;SPEAKER_03;15; Es war total dramatisch. Man musste immer Sachen spielen. Ich kam bis unter die letzten 10. Dann hatten wir mit der Studienleitung ein Gespräch. Sie sagten mir, sie fänden mich sehr talentiert und gut.;Und dann waren die Leute am weinen, es war total dramatisch. Man musste immer mit Sachen spielen. Ich kam bis unter die letzten 10. Dann hatten wir mit der Studienleitung ein Gespräch. Sie sagten mir, sie fänden mich sehr talentiert und gut. ;Und denn sind so d'Lüüt am brüelle, würklich es isch total dramatisch gsi. Mi het immer so mit Sache müesse spiele und mache und so. Ich bi bis unter die letschte 10 cho. Denn hät mer mit de Studieleitig es gspröch gha. Und denn händ die mir dete gseit, ja sie fändet mega ich seg mega talentiert, mega guet und so.;Es isch total dramatisch gsi. Ich bin unter di letzte tusig dänn händ mir mit de Studieleitig es Gspröch gseit, si fänded mich sehr talentiert und guet.;Zürich;Und dänn sind d Lüt am brüele gsi, es hät mir gseit, si fänded mich sehr talentiert und guet.
b2325431-c0a6-41b0-899c-d489ac3a3eb1_1171;SPEAKER_03;15; Es hat 18 Fragen und drei Würfel. Und die 18 Fragen habe ich erfunden. Also es gibt nicht irgendwo eine Liste von diesen 18 Fragen. Das sind 18 Fragen, die ich spannend finde. Und wir haben drei Würfel. Gülsha hat jetzt gerade gewürfelt. Und die Frage, die sie erwürfelt hat, die beantworten wir. Das ist das ganze Spiel. Es ist...;Es hat 18 Fragen und drei Würfel. Und die 18 Fragen habe ich erfunden. Also es gibt nicht irgendwo eine Liste von diesen 18 Fragen. Das sind 18 Fragen, die ich spannend finde. Und wir haben drei Würfel. Gülsha hat jetzt gerade gewürfelt. Und die Frage, die sie erwürfelt hat, die beantworten wir. Das ist das ganze Spiel. Es ist...;Es hät 18 Frage und drü Würfel. Und die 18 Frage han ich erfunde, also es git nöd irgendwo e Liste vo dene 18 Frage. Das sind 18 Frage won ich spannend find. Und mir händ drü Würfel. Gülsha het ezt grad gwürflet, und die Frag wo sie erwürflet het, die tüemer mir beantworte. Das ischs ganze Spiel. Es isch...;Es hät achtzäh Frage und drü Würfel ha nöd irgendwo e Liste vo dene achzäh Frage, wo mer übercho hät.;Zürich;Es hät achtzäh Frage und drü Würfel ha nöd irgendwo e Liste vo dene achzäh Frage, wo mer übercho hät.
b2325431-c0a6-41b0-899c-d489ac3a3eb1_1184;SPEAKER_02;4.71; wie eine Beere abgeschnitten. Und das ist jetzt einfach immer noch so. Das hätte ich mir jetzt wirklich;wie eine Beere abgeschnitten. Und das ist jetzt einfach immer noch so. Das hätte ich mir jetzt wirklich;wie e Beeri abgschnitte. Und das isch ezt eifach immer no so. Also das het ich mir ezt würklich;Und das isch jetzt eifach immer no so. Das hätti mir jetzt würkli.;Zürich;Und das isch jetzt eifach immer no so. Das hätti mir jetzt würkli.
bc0dba46-17d1-4057-82cf-0e6f7669a80a_1118;SPEAKER_00;2; und Videos geschickt, wo wir nichts draufgesagt haben.;und darum Videos geschick, wo wir nichts daraufgesagt…;und derum Videos gschickt, wo mir nüt druff gseit…;Und Videos gschickt, wo mir nüt dezue gseit händ.;Zürich;Und drum Videos gschick, wo mir nüt uf das gseit hät.
bc0dba46-17d1-4057-82cf-0e6f7669a80a_1202;SPEAKER_03;8.926; Ich bin so unfassbar stolz, dass ich es geschafft habe, meinem Ex-Freund zu vergehen.;Ich bin so unfassbar stolz, dass ich es geschafft habe, meinem Ex-Freund zu vergehen.;Ich bin so unfassbar stolz, dass ichs gschafft ha, mim Ex-Fründ z'vergeh.;I bi so unfassbar stolz, dass i gschafft han, minem Ex-Freund zvogoh.;Ostschweiz;I bi so unfassbar stolz, dass i gschafft han, minem Ex-Freund zvogoh.
bc1b4a76-16ec-439f-ad11-a5f56eeedffe_1196;SPEAKER_02;14.143; «Das ist aber genug.» Ich weiss, dass ich dann einfach irgendwie... Das ist so gemein, aber ich denke dann immer so... Schau, du visualisierst mich in der Zukunft vor diesem Sofa mit diesem Kübel Glace.;Ich finde aber ui «Das ist aber genug.» Ich weiss, dass ich dann einfach irgendwie... Das ist so gemein, aber ich denke dann immer so... Schau, du visualisierst mich in der Zukunft vor diesem Sofa mit diesem Kübel Glace.;"Ich finde aber so ui ""Das isch ezt aber gnueg"". Ich weiss, dass ich denn eifach irgendwie… Das isch so gemein, aber ich denk denn immer so… Lueg, denn tuen mich so visualisiere ide Zuekunft vor dem Sofa miteme Chübel Glace.";"""Das isch aber gnueg."" Das isch so gmeinsam, aber ich dänn immer so... Schau, du visuelisiersch mich ide Zuekunft vor däm Sofa mit däm Kübel Glace.";Zürich;Ich luege aber ich dänn eifach zmörge, aber ich dänn immer so glaub, du visuelisiersch mich ide Zuekunft vor däm Sofa mit däm Kübel Glace.
c28d81c8-5277-4c3b-ae62-98202499e8b1_1068;SPEAKER_03;15; Ich empfehle auch Rotwein mit Freundinnen oder wenn sie lieber Weisswein mit Freundinnen hat oder wenn sie lieber Kamilleteam mit Freundinnen hat, das wirklich so mit den Freundinnen besprechen. Und ich bin auch dafür, dass man diese Gefühle spüren darf.;Ich empfehle auch Rotwein mit Freundinnen oder wenn sie lieber Weisswein mit Freundinnen hat oder wenn sie lieber Kamilleteam mit Freundinnen hat, das wirklich so mit den Freundinnen besprechen. Und ich bin auch dafür, dass man diese Gefühle spüren darf.;Ich empfehle au Rotwii mi Fründinne oder wenn sie lieber het Wiiswii mit Fründinne oder wenn sie lieber het Kamilletee mit Fründinne. Das würklich so mit de Fründinne bespreche. Und ich bi au defür dasmer die Gfühl derf gspüre.;I empfehl au Rotwiis mit Fründinne het oder wenn si lieber Chamileeam mit Fründinne bespreche het, dass me die Gfühl spüre dörf.;Ostschweiz;I empfehl au Rotwiis mit Fründinne het oder wenn si lieber Chamileeam mit Fründinne bespreche het, dass me die Gfühl spüre dörf.
c68ff14f-a182-4649-b166-084be0db1ae9_1042;SPEAKER_02;15; total aufgeregt, hat auch seinem Unmut Luft gemacht. Aber kein Kind hat sich daneben genommen, sie waren einfach Kinder. Und dann ist das Beste passiert. Eine Mutter hat angefangen, Hansjörg zu angreifen. Mhm.;total aufgeregt, hat auch seinem Unmut Luft gemacht. Es hat sich aber kein Kind irgendwie daneben benommen, sie waren einfach Kinder. Und dann ist das Beste passiert. Eine Mutter hat angefangen, Hansjörg zu angreifen. Mhm.;total uufgregt, het au sim Unmuet Luft gmacht. Es het aber keis chind het irgendwie sich denebet benoh, sondern sie sind eifach chind gsi. Und denn isch ebe s'beste passiert. Denn het so ei Muetter het so aagfange de Hansjörg aagriffe. Mhm.;Total ufgrägt, hät au sim Unmuet gmacht, aber kei Chind hät ahgfange, Hansjörg zagriffe.;Zürich;Total ufgrägt, häts aber keis Chind irgendwis gsi sind, und dänn isch s Beste passiert.
ce9e2fb0-6cf6-48c3-92cf-4529768ed364_1039;SPEAKER_02;2.075; Also wir können jetzt vielleicht nachher noch ein kleines Video machen.;Also wir könnten vielleicht nachher noch ein kleines Video machen.;Aso mi chönet nacher no es chlises Video mache.;Aso mir chönd jetzt villicht es chlises Video mache.;Zürich;Aso mir chönnted villicht es chlises Video mache.
d402a950-49f1-4738-8fd6-4282f412fd34_1131;SPEAKER_04;13.466; Ich glaube, ich würde das auch mehr oder weniger sagen. Dass wir immer über Männer geredet haben, weil wir drei Männer gedatet haben, das ist ja unsere Referenz. Ausser Gülcan, ich weiss nicht, was ihre neuen Geschichten sind.;Ich glaube, ich würde das auch mehr oder weniger sagen. Ich glaube, dass wir immer über Männer geredet haben, weil wir drei Männer gedatet haben, das ist ja unsere Referenz. Ausser Gülsha, ich weiss nicht, was ihre neuen Geschichten sind.;Ich glab ich würd ezt das au meh oder weniger säge. Ich glaub eifach, dass mir halt oft oder immer über Männer gredet händ, isch will mir drü eifach Männer dated händ. Also das isch wie eusi Referenz. Ussert Gülsha, ich weiss nöd was ezt ihri neue gschichte sind;Ich glaube, ich wür das au meh oder weniger säged, will mir drü Manne gdatet händ, das isch ja oisi Referänz. Usser Gülkan, ich weiss nöd, was ihri noie Gschichte sind.;Zürich;Ich glaube, dass mir immer meh oder weniger säged, will mir drü Manne gdatet händ, das isch ja oisi Referänz. Usser Gülsha, ich weiss nöd, was ihri noie Gschichte sind.
d402a950-49f1-4738-8fd6-4282f412fd34_1296;SPEAKER_01;2.312; fantastische Zahlen, dann muss ich mir ein SRF-Compact;fantastische Zahlen, dann muss ich mir ein SRF…;fantastischi Zahle, denn muen ich mir en SRF…;fantastischi Zahle, dänn mussi mir es SRF-Compact.;Zürich;fantastischi Zahle, dänn mussi mir es SRF.
d595b7f4-7509-4189-8bca-e7099624de6c_1176;SPEAKER_02;15; Ich war dort zwar immer sehr nah dabei und habe total dazugehört, aber es war einfach so befreiend, zu sagen, hey, ich bin so eifersüchtig und ich finde es so unfair, dass du das hast und ich nicht. Und sie hat das sehr gut aufgefangen und hat gesagt, ich verstehe es voll. Ich verstehe es voll.;Ich war dort zwar immer sehr nah dabei und habe total dazugehört, aber es war einfach so befreiend, zu sagen, hey, ich bin so eifersüchtig und ich finde es so unfair, dass du das hast und ich nicht. Und sie hat das sehr gut aufgefangen und hat gesagt, ich verstehe es voll, verstehe es voll.;Ich bi det zwar immer sehr nöch debi gsi und ha total dezueghört, aber es isch im fall so befreiend gsi, z'sege, hey, i bi so iiversüchtig oder ich finds so unfair, dass du das hesch und ich nöd. Und sie hät das uh guet ufgfange und het so gfunde Hey i verstahs im fall voll, verstahs voll.;Ich bin det zwar immer sehr nah ghört gsi, aber es hät so guet ufgfange und ich gseit, dass du das häsch so guet ufgfange und ich verstahnt, dass du das häsch so guet gseit und das häts so guet gseit, i verstaht, dass du das ich verstahne so guet voll.;Zürich;Ich bin det zwar immer sehr nah ghört gsi, aber es hät so guet ufgfange und ich gseit, dass du das häsch so guet gseit, häts so guet gseit, häts so guet gseit, häts so guet gseit, verstaht, dass du das häts sehr d so guet ghört, ighört, i finde, i ghört, i ghört, i gs so gs so gs so gs so ghört, gs so ghört, gs so ghört, gs so ghört, voll, verghört, voll, verghört, voll, verg voll, verg voll, verg voll, verg voll, verg voll, verg voll, verg voll, verg voll, verg voll, vergs voll, vergs voll, vergs voll, vergs voll, vergs voll, vergs voll, vergs voll, vergs voll, vergs voll, vergs voll, vergs voll, vergs voll, verstahtues voll, verstahtues voll, verstahtues gs voll, verstahtues voll, verstahtues voll, verstahtues voll, verstahtues voll, verstahtues voll, verstahtues gs voll, verstahtues voll, verstahtues voll, verstahtues voll, verstahtues voll, verstahtues gs voll, verstahtues voll, verstahtues voll, verstahtues voll, verstaht
d650aadd-fca6-4b5d-a46f-31d2d5163e47_1053;SPEAKER_03;13.905; Aber ich kann dir Zeichnungen machen und dann weisst du für dein erstes Mal, was da vor dir ist. Okay, ein Mulwurm! Darf ich noch fragen, ist das ein Ritual, gibt es da noch ein Fest oder geht es in eine Strecke?;Aber ich werde dir, ich kann dir Zeichnungen machen und dann weisst du für dein erstes Mal, was da vor dir ist. Okay, ein Mulwurm! Darf ich noch schnell fragen, dein Neffe, ist das ein Ritual, gibt es da noch ein Fest oder geht es…;Aber ich wird dir, ich cha dir Zeichnige mache und denn weisch du für dich für dis erste mal, was da vor dir isch. Okay, en Muulwurf! Aber därf ich schnell fröge, din Neffe, also isch das denn es Ritual git das denn no es Fest,  oder isch das eifach eh so...;Aber ich chan dir Zeichnige mache und dänn weisst du für das erste Mal, was det vor dir isch.;Zürich;Aber ich wird der, ich chan dir Zeichnige mache und dänn weisst du für das erste Mal, was da no es Fest oder gahts...
d7c5fc59-aa97-4bf2-acfd-a774be52db19_1092;SPEAKER_02;15; Und nachher... Also zweimal ging der Krebs weg. Und dann ist es jetzt etwa nach zwei Jahren, nachdem alles angefangen hat, hat sie mir wieder ein SMS geschrieben, auch wieder recht auf den Blut. Ich habe dort ein;Und nachher... Also zweimal ging der Krebs quasi weg. Und dann ist es jetzt etwa nach zwei Jahren, nachdem alles angefangen hat, hat sie mir wieder ein SMS geschrieben, auch wieder recht out of the blue. Ich habe dort ein;Und nachane… Also zwei mol isch quasi de Chrebs weg gange. Und denn isch, also öbbe zwei Jahr nachdem alles aagfange hät, hät sie mer wieder es SMS gschribe, au wieder recht out of the blue. Ich ha det es ;Und nach dänn isches jetzt öpe nach zwei Jahr gange, nachdäm alles ahgfange hät, hät si mir wider es SMS gschribe, au wider rächt uf de Bluet.;Zürich;Und nach dänn isches jetzt öpe nach zwei Jahr gange, nachdäm alles ahgfange hät, hät si mir wider es SMS gschribe, au wider rächt i de Bluet.
d7c5fc59-aa97-4bf2-acfd-a774be52db19_1096;SPEAKER_02;2; Sekunden von einem Spital oder;Gewusst, dass sie irgendwie auch wieder von einem Spital…;Gwüsst, sie chunt irgendwie au wieder vomene Spital…;Sekunde vo eim Spital oder;Zürich;Gwüsst, dass si öpis au wider vomne Spital.
e1daa345-bc61-4ef1-9095-fe8ac16b1df2_1058;SPEAKER_01;3.78; Ja, wirklich so. I'm a feminist, but I like it when they pay.;Ja, wirklich so. I'm a feminist, but I like it when they pay.;Jo, würklich so. I'm a feminist, but I like it when they pay.;Jo, würkli so. I'm a feminist, aber i liab af dass ehm zahlt.;Ostschweiz;Jo, würkli so. I'm a feminist, aber i liab af dass ehm zahlt.
e1daa345-bc61-4ef1-9095-fe8ac16b1df2_1070;SPEAKER_01;6.263; oder jemandem, der gar keinen Alkohol trinkt, hast du automatisch das Gefühl, wir werden nie auf die gleiche Vibe kommen.;oder jemandem, der gar keinen Alkohol trinkt. Da hast du automatisch das Gefühl, wir werden nie auf den gleichen Vibe kommen.;oder öbbertem, wo gar kei Alkohol trinkt. Du häsch automatisch s'Gfühl, mi werdet nie uf de gliichi Vibe cho. Oder öbbert…;Oder öpert, wo gar kein Alkohol trinkt, hesch du automatisch sGfühl, mir werded nie uf di glich Vibe cho.;Ostschweiz;Oder öpert, wo gar kein Alkohol trinkt, mir werded nie uf de glichi Vibe cho.
e1daa345-bc61-4ef1-9095-fe8ac16b1df2_1181;SPEAKER_03;6.446; Ich habe nicht das Gefühl, der Umgang mit Geld müsste in der Kindheit aufräumen. Ich habe das Gefühl, ganz viele Leute...;Habt ihr nie das Gefühl, der Umgang mit Geld, da  müsste man zum Beispiel auch wieder in der Kindheit aufräumen. Ich habe das Gefühl, ganz viele Leute… Ja;Hender nie s'Gfühl, de Umgang mit Geld. Da müsst mer ezt zum Biispill au wieder die Chindheit chli goh ufruume. Will ich hans Gfühl ganz viel Lüüt… Ja;Ich han nöd s Gfühl, de Umgang mit Gäld müssti ide Chindheit ufrume.;Zürich;Han ihre nie s Gfühl, de Umgang mit Gäld, det müssti mer zum Bispil au wider ide Chindheit ufrüebe.
e215b13e-cac8-4bfb-b26f-4bb2077da942_1050;SPEAKER_02;15; voller von Ukrainerinnen, mit teilweise winzig kleinen Säuglingen und Babys und ohne Männer. Und das fährt mir im Fall so krass ein. Die sind einfach da und dann die einen;voller von Ukrainerinnen, mit teilweise winzig kleinen Säuglingen und Babys und ohne Männer. Und das fährt mir im Fall so krass ein. Die sind einfach da und dann die einen;volle vo Ukrainerinner, mit teilwiis winzig chline Säugling und Babys und ohni Manne. Und das fahrt mir im Fall so krass ii. Die sind eifach do.;voller vo Ukrainerinne, mit teilwis winzig chline Sügling und Babys und das fahrt mer im Fall so krass ih.;Zürich;voller vo Ukrainerinne, mit teilwis winzig chline Sügling und Babys und das fahrt mer im Fall so krass ih.
e5677621-092a-48a4-aee4-576f4731b215_1009;SPEAKER_03;7.644; Mit euch sind ich ein bisschen, aber sonst strahlst du. Gut, aber ich bin auch wirklich gepumpt mit Liebe geworden. Und ich meine nicht mit Sperma, sondern wirklich mit Liebe.;Die Augen sind etwas klein, aber sonst strahlst du. Gut, ich wurde auch wirklich gepumpt mit Liebe. Und ich meine nicht  mit Sperma, sondern wirklich mit Liebe.;D'Äugli sind echli chlii, aber sus strahlsch. Guet, aber ich bin au würklich pumpt mit Liebe worde. Und ich mein demit nöd Sperma, sondern würklich mit Liebi.;Mit eu sind i e biz, aber i bi au würkli gpumpt mit Liebe gworde. Und i mein nöd mit Sperma, sondern würkli mit Liebe.;Ostschweiz;dAuge sind öpis chli, aber sus strahlsch au würkli gpumpt mit Liebe. Und i mein nöd mit Sperma, sondern würkli mit Liebe.
e5677621-092a-48a4-aee4-576f4731b215_1045;SPEAKER_03;7.851; rotes Licht, so ganz feines, auch so wie so ein bisschen kerzenlichtmässiges Licht. Dann denkt du, ich schliefe mal das rein. Dann hat es Leute gehabt,;rotes Licht, so ganz feines, auch so wie so ein bisschen kerzenlichtmässiges Licht. Dann gedacht, ich schlüpfe mal rasch rein. Dann hat es Leute gehabt…;rote Liecht, so ganz fiine, also wie so chli Kerzeliechtmässige Liecht. Dänn denkt jo du ich schlüf mal rasch ine. Denn häts Lüt gha... ;rots Liecht, so ganz feins, au so wie so e biz kerzelichtmässigis Liecht. Denn denkt du, i schlof mol das ine.;Ostschweiz;rots Liecht, so ganz feins, au so wie so es biz kerzelichtmässiges Liecht. Denn denkt, i schlüpf mol rasch ine. Denn hets Lüüt gha.
eef3dea8-67ee-4e4a-a08f-65bc8dbd9d96_1061;SPEAKER_06;11.745; Im Prinzip, also total vereinfacht gesagt. Aber du hast dann keinen Einsprung mehr und du hast dann halt auch nicht Dinge so aufgebaut.;Im Prinzip, also total vereinfacht gesagt. Aber du hast dann keinen Einsprung mehr und du baust dann halt auch nicht Dinge so auf.;Im Prinzip, aso total vereifacht gseit. Aber du häsch den kein Eisprung meh und dur das tuesch du denn halt kei Dings eso uufbaue…;Im Prinzip, also total vereinfacht gseit. Aber du hesch denn kein Iisprung meh und du hesch denn halt au nöd Sache so ufbaut.;Ostschweiz;Im Prinzip, also total vereinfacht gseit. Aber du hesch denn kein Iisprung meh und du bausch denn halt au nöd Sache so uf.
f1bda9ad-950a-4343-a47f-431dd0d8a326_1198;SPEAKER_01;13.754; Genau. Ich glaube nicht, dass sich politisch etwas ändern wird. Es ist nicht so, dass Europa plötzlich nur noch ein Land ist oder mehr das Rassismusproblem bekämpft hätte. Aber es könnte sich wirklich ein bisschen mehr ins Metaverse verschieben.;Genau. Ich glaube nicht, dass sich politisch etwas ändern wird. Es ist nicht so, dass Europa plötzlich nur noch ein Land ist oder wir das Rassismusproblem bekämpft hätten. Aber es könnte sich wirklich ein bisschen mehr ins Metaverse verschieben.;Genau. Also ich glaub nöd, dass politisch sich mega krass öbbis wird ändere. Es isch nöd so das Europa plözlich nur no eis Land isch oder mir s'Rassismusproblem bekämpft hettet. Aber es chönti sich würklich e chli meh is Metaverse verschiebe.;Genau i glaub nöd, dass sich politisch öpis ändere wird. Es isch plötzlich nur no es Land isch oder meh sRassismusproblem bekämpft het. Aber es chönt sich würkli meh is Metaverse voschiebe.;Ostschweiz;Genau I glaub nöd, dass sich politisch öpis ändere wird. Es isch plötzlich nur no es Land isch oder mir sRassismusproblem bekämpft hätte.
f1bda9ad-950a-4343-a47f-431dd0d8a326_1202;SPEAKER_03;3.645; Ja, genau. Ich fände es okay.;Ja, genau. Ich fände das okay.;Ja, genau. Ich fänds okay.;Ja, gnau. Ich bins gschiled.;Zürich;Ja, gnau. Ich bin das gschiled.
f6876488-7c27-4ad9-b55a-e94abe27696b_1052;SPEAKER_04;4.287; Du hast nicht so viel Spass wie das Zip-Lining und so hinter dir.;Du hast nicht so viel, so viel Spass wie das Zip-Lining und so hinter dir.;Du häsch nöd so vill, so viel Spass wie s'Zip-Lining und so hinter dir.;Du häsch nöd so vill Spass wie s Zip-Lining und so hinter dir.;Zürich;Du häsch nöd so vill, so vill Spass wie s Zip-Lining und so hinter dir.
f6876488-7c27-4ad9-b55a-e94abe27696b_1089;SPEAKER_01;15; Das ist mega simpel. Du kannst in einen Strips... Mit grösster Wahrscheinlichkeit betriffst du nie irgendwelche Leute, die dich kennen, wo du dann noch so ein peinliches Maltag führen musst. Sondern du bist dort und es passiert immer etwas. Die Leute, die drin sind, sind ausspannend. Also...;Das ist mega simpel. Du kannst in ein Striplokal... Mit grösster Wahrscheinlichkeit triffst du nie irgendwelche Leute, die dich kennen, wo du dann noch so peinlich Smalltalk führen musst. Sondern du bist dort und es passiert immer etwas. Die Leute, die drin sind, sind mega spannend. Also...;Das isch mega simpel. Du chasch inen Stripshuppe… Mit gröschter Wahrschinlichkeit, triffsch nie irgendwelchi Lüt wo dich kennet, wo du denn no so muesch peinlich Smalltalk füehre. Sondern du bisch dete und es passiert immer öbbis. Die Lüt wo drin sind, sind uuh spannend. Also...;Das isch mega simpel. Mit grösste Wahrschinlichkeit betriffsch du nie irgendwelchi Lüt, wo du dänn no so es peinlichs Malg gsi sind, sind usspannend.;Zürich;Das isch mega simpel. Mit grösste Wahrschinlichkeit triffsch du nie irgendwelchi Lüt, wo du dänn no so peinlich Smalltalk gönd, sind mega spannend.
ff349a16-5070-4157-9c5f-a69dd20a5304_1013;SPEAKER_01;8.861; Darum fanden sie, dass sie die Mutter sei und dass sie das auch nicht sei. Ich glaube, es gibt keine definierte Rolle. Aber ich fand, dass Klatschstunde noch herzig ist.;Darum fanden sie, du seist irgendwie die Mutter und irgendwie auch nicht. Ich glaube, es gibt keine definierte Rolle. Aber ich fand, dass die Klatschtante noch herzig sei.;Drum händs so gfunde, ja du bisch irgendwie d'Muetter und denn au irgendwie nöd. Ich glaub, es git nöd die definiert Rolle. Aber ich han so gfunde d'Klaschtante isch no härzig.;Drum hät si d Mueter gfunde, dass si das au nöd gseh hät, dass Klatschstunde no härzig isch.;Zürich;Drum hät si gfunde, du sägi d Mueter und irgendwis au nöd. Ich glaub, dass d Klatschtante no härzig gseh hät.
ff349a16-5070-4157-9c5f-a69dd20a5304_1271;SPEAKER_03;15; Das ist eine schöne Vorfreude. Und das ist die achte Folge «Ziwa Dilliring». Wir machen eine winzige, ganz, ganz, ganz kleine Festtagspause. Das heisst, wir sind statt in zwei Wochen in drei Wochen zurück. Am 11. Januar 2022 gibt es eine;Das ist eine schöne Vorfreude. Und das war die achte Folge «Zivadiliring». Wir machen eine winzige, ganz, ganz, ganz kleine Festtagspause. Das heisst, wir sind statt in zwei Wochen in drei Wochen zurück. Am 11. Januar 2022 gibt es eine;"Das isch ä schöni Vorfreud. Und das isch die achti Folg ""Zivadiliring"" gsi. Mi machet e winzigi, würkich e ganz, ganz, ganz chliini Festtagspause. Das heisst mi sind, statt i zwei Wuche, i drü Wuche zrugg. Am 11. Januar 2022 gits e  ";Das isch e schöni Vorfroge. Mir macht e winzigi, ganz ganz chlini Fästtagspausä zrugg. Am elfte Januar zwänzgzweiezwänzg gits ei.;Zürich;Das isch e schöni Vorfroge gsi. Mir macht e winzigi, ganz zwoi Wuche i drü Wuche zrugg.
